proxy_identity_terms (first names)	parent_idterm(idterm for which names is used as proxy)
rukhmabai	female
lakshmi	female
sanah	female
panna	female
sonabai	female
yashica	female
rita	female
minmini	female
sulis	female
sindhu	female
venkatesan	female
suvarna	female
mishra	female
debjani	female
saili	female
mumtaz	female
iswarya	female
gole	female
chumki	female
venba	female
hemalata	female
gangubai	female
afshan	female
kasthuri	female
pooja	female
anamika	female
sheoran	female
charmy	female
gulzar	female
surekha	female
rubab	female
lin	female
minakshi	female
dipika	female
pranjal	female
sahithya	female
vijayaraje	female
raashi	female
jacqueline	female
narayani	female
jyothika	female
belli	female
anjali	female
ashmita	female
hima	female
chaware	female
butta	female
saara	female
kashibai	female
pratima	female
mitali	female
sajitha	female
srubabati	female
regina	female
golma	female
zobeda	female
maive	female
laishram	female
roma	female
harita	female
anindita	female
padmawati	female
bijayini	female
manikuntala	female
gulki	female
leema	female
mayilamma	female
eesha	female
gursharan	female
patta	female
sara	female
rutuparna	female
nmami	female
kainaat	female
pragathi	female
paramjeet	female
kajal	female
harsimrat	female
dharma	female
sulagna	female
lalsangzuali	female
ragini	female
kary	female
anchal	female
mithra	female
bima	female
diksha	female
kottayam	female
anajli	female
shrutika	female
sosa	female
laila	female
charusita	female
prabhawati	female
swaminathan	female
nayana	female
rupanjali	female
tahira	female
sohm	female
jannat	female
ankiti	female
rajee	female
jupitora	female
shanaya	female
gulshan	female
zarine	female
nivetha	female
catchik	female
maria	female
prarthana	female
ekroop	female
chandraprabha	female
diwaliben	female
mothey	female
meraj	female
ragasya	female
sikkil	female
vijaya	female
mouli	female
dolly	female
sarojkumari	female
binapani	female
prabhavathi	female
harshdeep	female
acharya	female
merbai	female
rounaq	female
soudamini	female
reet	female
priya	female
balamani	female
boby	female
munisha	female
sanghmitra	female
laxmipriya	female
suvi	female
satwinder	female
raj	female
jharna	female
kuntala	female
nimmi	female
chennupati	female
gajala	female
shakti	female
yashodhara	female
chandramukhi	female
ko	female
kowsalya	female
monali	female
kaviyoor	female
firdaus	female
samaira	female
saeeda	female
margaret	female
alia	female
geetha	female
vinodhini	female
anaswara	female
syeda	female
mitakshara	female
sarjubala	female
hedwig	female
prerna	female
phoolan	female
ngangbam	female
sulagnaa	female
salima	female
gulab	female
vinti	female
premalakaki	female
helly	female
muthulakshmi	female
keerthy	female
adaa	female
sithara	female
tarabai	female
amardeep	female
urmi	female
melkote	female
roshini	female
angela	female
siona	female
sulochana	female
sudhira	female
aryamba	female
srushti	female
ramandeep	female
sumona	female
amma	female
dutee	female
shritha	female
bapusaheb	female
flavia	female
gyanada	female
rukhsaar	female
sonu	female
santhakumari	female
bapsybanoo	female
hema	female
indulata	female
arjumman	female
damini	female
shamika	female
hameeda	female
deep	female
abigail	female
kumari	female
vidyawati	female
sudhansumalini	female
nusrat	female
gehana	female
shanti	female
ria	female
jikki	female
deevani	female
siddhi	female
aaradhya	female
deepali	female
niti	female
neelo	female
jiah	female
andal	female
sheetal	female
sulakshana	female
samidha	female
shanta	female
faryal	female
shaukat	female
khumukcham	female
harwant	female
zohra	female
maana	female
krishnabhabini	female
aindrita	female
ravi	female
fulati	female
kalsoom	female
nikkitasha	female
payal	female
kuljeet	female
iloosh	female
shafaq	female
subhashini	female
sitadevi	female
alesia	female
rosa	female
manjiri	female
eden	female
ketaki	female
mahadevi	female
kaneez	female
jangiri	female
aisha	female
snigdha	female
swara	female
bhuvaneswari	female
shrraddha	female
mirudhubashini	female
anupma	female
santi	female
kanta	female
sethu	female
kirthiga	female
jalabala	female
lalgudi	female
sanchita	female
pratyusha	female
renu	female
bharati	female
tahrunessa	female
maya	female
charuvi	female
nuzhat	female
shubhlakshmi	female
shanthamani	female
soniya	female
shonali	female
ratnaprava	female
kovai	female
avni	female
sipra	female
raksha	female
ditipriya	female
madalsa	female
minati	female
beauty	female
shantichitra	female
shehla	female
tanaaz	female
gauahar	female
kum	female
ranjitha	female
pushkala	female
ruhanika	female
prashanthini	female
shushama	female
jui	female
queen	female
jina	female
usha	female
prathima	female
celina	female
preeja	female
jyoti	female
suzette	female
parmila	female
shivya	female
killi	female
garikapati	female
payel	female
dharitri	female
sreeja	female
bama	female
reenie	female
gaura	female
rama	female
rimppi	female
chaya	female
devi	female
roopal	female
sudipta	female
gloria	female
preethi	female
shashaa	female
parvathamma	female
tultul	female
vibha	female
neetu	female
rupatai	female
reshmi	female
prafulla	female
sandipta	female
nikii	female
abhilasha	female
ashalata	female
atishi	female
ngasepam	female
harshaali	female
zubaida	female
kavita	female
okram	female
naorem	female
govindram	female
tamilmozhi	female
anna	female
zohrabai	female
naima	female
freyan	female
mohena	female
barsha	female
manimekalai	female
beverly	female
bachendri	female
leona	female
aashka	female
bandana	female
swaran	female
janina	female
sandeepa	female
ishaara	female
anusree	female
parmeshwar	female
julia	female
easwari	female
saanvi	female
moovalur	female
zarina	female
arundhathi	female
jeevitha	female
vageshwari	female
savita	female
manju	female
rethika	female
jacintha	female
yukta	female
jonita	female
sushama	female
june	female
rimil	female
madhulika	female
mannat	female
kainaz	female
srabani	female
mahendra	female
irene	female
kriti	female
shatadalbasini	female
zaib-un-nissa	female
pasupuleti	female
baby	female
rajashree	female
sarbjeet	female
nahid	female
shushila	female
sumalata	female
devapriya	female
fowzia	female
ruchita	female
rosamma	female
deepa	female
raseswari	female
charulatha	female
maryam	female
lavanya	female
sampatiya	female
rekha	female
rishijae	female
goddeti	female
neera	female
abadi	female
jayshreeben	female
vasanti	female
arya	female
motamma	female
vividha	female
rashami	female
tulsi	female
haimanti	female
manasvi	female
nurunnessa	female
gulabo	female
flora	female
poornima	female
sandhya	female
shipra	female
thingbaijam	female
beggzadi	female
jayati	female
nancy	female
ambujasundari	female
kamaladevi	female
sulekha	female
saint	female
doddapaneni	female
rii	female
accamma	female
ritika	female
ami	female
riythvika	female
chandini	female
janhavi	female
sreeya	female
sripriya	female
bijoya	female
udaya	female
jv	female
attiya	female
toru	female
azizunnessa	female
ashoka	female
alys	female
anupa	female
monika	female
rashmi	female
suja	female
pammi	female
yg	female
neeloufar	female
shamin	female
krystle	female
shobhna	female
rahil	female
kamaljeet	female
swati	female
ekta	female
kanwal	female
kangna	female
malavat	female
bornali	female
amrita	female
munmun	female
pandimukkala	female
taruni	female
dhanya	female
sarla	female
mamtaz	female
pranati	female
srabanti	female
preity	female
rukshar	female
sathyapriya	female
aaital	female
niranjan	female
vishakha	female
shoba	female
jagir	female
rutaparna	female
shiwani	female
samita	female
hariprabha	female
shaheen	female
gurjit	female
mehr	female
kyra	female
dil	female
bhanumati	female
fozia	female
anagha	female
tara	female
rizia	female
mira	female
jyothirmayi	female
vinesh	female
daljeet	female
dakshayani	female
pravasini	female
manjeet	female
ritabhari	female
agatha	female
dalip	female
tripti	female
ashrita	female
wahida	female
sharvani	female
jeromina	female
phulrenu	female
ranjita	female
baisali	female
kimi	female
vinati	female
vrushika	female
gargi	female
shradha	female
isabelle	female
mounika	female
ambujam	female
homai	female
jeroo	female
erica	female
ram	female
imarti	female
manasi	female
deedi	female
maneet	female
soumya	female
shailabala	female
irawati	female
kishori	female
checha	female
mt	female
kaberi	female
nia	female
santha	female
satyabhama	female
mehmooda	female
murugashankari	female
tunisha	female
vedhika	female
sabina	female
anubha	female
chetna	female
kutty	female
bindeshwari	female
mohsina	female
darshana	female
riva	female
sharmistha	female
sanusha	female
treesa	female
tejaswi	female
gayatri	female
abantika	female
shanu	female
ayesha	female
ngangom	female
akshita	female
rimpi	female
shruthy	female
asma	female
villoo	female
nongmaithem	female
revathi	female
donal	female
noor	female
mayavaram	female
aditya	female
scindia	female
rowshan	female
gautami	female
sister	female
jasveer	female
jayamma	female
atasi	female
lizy	female
beas	female
mumaith	female
shreela	female
jyotsna	female
priyal	female
umakant	female
kala	female
bilkis	female
fowzieh	female
ashnoor	female
rajlakshmi	female
shazahn	female
mildred	female
najma	female
nandita	female
subhashree	female
sameera	female
lilima	female
binalakshmi	female
jabamani	female
rajshri	female
misha	female
devoleena	female
gyan	female
nishtha	female
navjot	female
perin	female
abenao	female
premi	female
vibhavari	female
kamlesh	female
piyanka	female
manjinder	female
bela	female
selja	female
sheikh	female
asin	female
varijashree	female
ankita	female
rinu	female
sudeepa	female
sargun	female
sunith	female
naznin	female
archita	female
sonia	female
faiza	female
renukamma	female
deepthi	female
pravina	female
tanuja	female
sangam	female
mohita	female
malvika	female
rosin	female
mahi	female
anuraadha	female
sheenam	female
sowmya	female
lako	female
pratiksha	female
kajol	female
erum	female
kirtida	female
padmaja	female
allah	female
erramatti	female
yashmita	female
oli	female
anandmurti	female
alarmel	female
aarya	female
sharmila	female
vanisha	female
shamim	female
anusuiya	female
hebah	female
jomol	female
daulatunnessa	female
mandākrāntā	female
nupur	female
sasmita	female
aninhalli	female
kanchanamala	female
ramya	female
kulappulli	female
madhumita	female
gyanmati	female
rupini	female
taapsee	female
juhi	female
nitasha	female
chandrakanta	female
janet	female
benaf	female
easterine	female
jane	female
shardaben	female
malaika	female
nyla	female
monica	female
saralabala	female
rajani	female
thamarai	female
shanglakpam	female
dulari	female
medisetti	female
selma	female
jayanthi	female
kakoli	female
guddi	female
sukirtharani	female
jaspreet	female
sini	female
tathoi	female
rinki	female
lahari	female
amyra	female
prabhleen	female
alexandra	female
manpreet	female
meenu	female
shakeela	female
ashagi	female
joyashree	female
prateeksha	female
ipsita	female
lakshmibai	female
sradhanjali	female
niruta	female
reenu	female
parineeta	female
gunada	female
tsewang	female
kasturba	female
tia	female
sonakshi	female
geethu	female
yasoda	female
banaja	female
pragnya	female
falaq	female
savani	female
shashi	female
sarat	female
shagun	female
trina	female
nalinibala	female
jhulan	female
khushali	female
paramjit	female
soundarya	female
seema	female
raavu	female
sarajubala	female
stephie	female
shakereh	female
aahana	female
deena	female
vanamala	female
shamili	female
bhagabati	female
surjit	female
samata	female
alena	female
sunila	female
anupriya	female
vidhi	female
prasanna	female
krithi	female
chellamalla	female
panabaka	female
nutakki	female
esme	female
rucha	female
andria	female
rasanara	female
khumujam	female
vedita	female
smita	female
durgawati	female
yuvina	female
anusha	female
tarla	female
nafisa	female
jagriti	female
rano	female
bhuvana	female
mehak	female
akshada	female
sadia	female
hirabai	female
amritha	female
abhitej	female
vera	female
nirmala	female
suprava	female
kanishka	female
aparajitha	female
jincy	female
kamna	female
aparupa	female
nowhera	female
navika	female
mami	female
amrit	female
urvi	female
hamsa	female
swarnalatha	female
poonam	female
kavitha	female
samhita	female
prayag	female
anarkali	female
padma	female
mrudula	female
mimi	female
ridheema	female
sreekala	female
sunayani	female
prathibha	female
soma	female
sharmin	female
oinam	female
nirmal	female
zaira	female
vina	female
chandresh	female
sayani	female
protiva	female
amal	female
bala	female
sayyeshaa	female
gangotri	female
malti	female
ot	female
kaveri	female
kakon	female
vaishali	female
arpana	female
abhirami	female
kunjarani	female
sonel	female
tenneti	female
tanusree	female
indra	female
diana	female
lorraine	female
rathi	female
waheeda	female
leena	female
mana	female
nayantara	female
apurvi	female
ilavarasi	female
mukta	female
augusta	female
priyadarshini	female
richa	female
gauri	female
shrenu	female
parama	female
lila	female
jyotirmayee	female
akriti	female
pincky	female
champa	female
bhagyashree	female
perizaad	female
vasubahen	female
sulabha	female
dorothy	female
shraddha	female
raveena	female
kezhekapt	female
vasanthi	female
malaprabha	female
jaymala	female
afroz	female
anaita	female
preetika	female
chanda	female
saina	female
jaahnavi	female
sameksha	female
nazli	female
rupali	female
rutuja	female
mayanti	female
shahtaj	female
mukul	female
vidhubala	female
nikhat	female
kamala	female
sugandha	female
pandiselva	female
pamela	female
serah	female
sourabhee	female
misa	female
annu	female
scarlett	female
dimpy	female
navjeet	female
sutirtha	female
shammi	female
thesni	female
ashwamedh	female
debala	female
ameeta	female
deblina	female
sujatha	female
ekavali	female
kp	female
saumya	female
gitanjali	female
naveen	female
sunayna	female
sajida	female
rumpa	female
sinimole	female
snehal	female
nandini	female
harika	female
ashita	female
sija	female
sailaja	female
simi	female
rachana	female
gail	female
appoorva	female
ishika	female
maanvi	female
sharmeila	female
manyata	female
dolon	female
ruqaiya	female
uthara	female
ismat	female
bhagwati	female
krishi	female
khushbir	female
lutfunnahar	female
sarika	female
kratika	female
sandali	female
fauzia	female
simranjit	female
juthika	female
rajyashree	female
prajakta	female
netha	female
sukriti	female
mani	female
aradhana	female
sriranjini	female
rose	female
madhurika	female
botsa	female
saniya	female
puneet	female
sathupati	female
bahar	female
balasaraswati	female
kanchana	female
purva	female
smrita	female
vindhya	female
jugnu	female
jasmine	female
roosha	female
sumithra	female
saliha	female
bedavati	female
neena	female
bhaswati	female
shashwati	female
reem	female
sharmili	female
anjala	female
mahima	female
gagandeep	female
sangita	female
rajshree	female
navleen	female
vedashree	female
vijayalakshmi	female
praniti	female
pandita	female
eisha	female
mayangmayum	female
samyuktha	female
dipannita	female
kalaivani	female
ruma	female
sangieta	female
boa	female
sonali	female
deepshika	female
sukrithi	female
atiya	female
sunny	female
sonal	female
nikesha	female
meenal	female
pappammal	female
shama	female
ivy	female
leelavathi	female
fahmida	female
malik	female
arundathi	female
neeta	female
bhakti	female
bano	female
savitha	female
ajit	female
maheshwari	female
kshipra	female
iniya	female
shanthi	female
rajinder	female
mona	female
rajasree	female
priyanshi	female
sapna	female
sayeeda	female
mayoori	female
ratnottama	female
abhinaya	female
amba	female
madhavi	female
kalyan	female
vidyavati	female
snehaprabha	female
shafia	female
chandana	female
jyotsana	female
shardha	female
suraj	female
atreyee	female
lakshmy	female
umarji	female
kaajal	female
parkash	female
sonam	female
kausha	female
nidhi	female
paro	female
debalina	female
ankeeta	female
gauhar	female
roja	female
debashree	female
girindramohini	female
heeraben	female
anikha	female
shabana	female
ancy	female
manveen	female
nungsi	female
vidyullekha	female
shritama	female
ponnamma	female
shaalin	female
reyhna	female
shefali	female
malathy	female
shubra	female
sapana	female
parmeshwori	female
sampurna	female
rishina	female
rajmata	female
vanga	female
nv	female
yamini	female
temsula	female
nikunj	female
tanusri	female
anees	female
manjima	female
sarmistha	female
saiee	female
suprabha	female
santosh	female
clemens	female
pyumori	female
tingonleima	female
musskan	female
adline	female
sona	female
neeraja	female
amareswari	female
rahija	female
vidya	female
samentha	female
sanjukta	female
heli	female
melissa	female
sanghasri	female
konkona	female
nikhita	female
pingala	female
licypriya	female
roopa	female
freida	female
anasuya	female
ravina	female
anushka	female
mallika	female
ahsaas	female
suruchi	female
anjanibai	female
khyati	female
anusmriti	female
angurbala	female
gita	female
yashaswini	female
himarsha	female
keepu	female
sreelakshmi	female
maud	female
ma	female
rambha	female
keerti	female
urmil	female
hemanta	female
sagarika	female
riddhi	female
hridayakumari	female
ishita	female
marjorie	female
sibani	female
rajni	female
ashitha	female
sneha	female
bhikaiji	female
santhiya	female
ritu	female
malathi	female
kamapanthula	female
elavenil	female
vyjayanthi	female
kangana	female
karunya	female
samvrutha	female
farheen	female
shamshad	female
punam	female
parna	female
potturi	female
upasna	female
harshita	female
madhura	female
achom	female
kamal	female
radharani	female
kamalini	female
vishalakshi	female
bhanumathi	female
himanshu	female
rishika	female
gundu	female
letika	female
mahtab	female
devaki	female
jasmani	female
anjori	female
ashna	female
swasika	female
nishita	female
scherezade	female
mitra	female
tapur	female
kazi	female
thrissur	female
banalata	female
shvetha	female
sabira	female
mahmuda	female
sakhi	female
sailabala	female
devadarshini	female
jhannabi	female
munni	female
aakarshi	female
brahmotri	female
patience	female
nazima	female
yashashri	female
tejashree	female
tulip	female
sunita	female
maibam	female
sneh	female
keerthi	female
ivana	female
mangalam	female
fathima	female
sushree	female
shriya	female
iffat	female
vennira	female
sanjida	female
rawshan	female
maniben	female
anku	female
harshika	female
gopika	female
anmol	female
mahapatra	female
sabitha	female
tiffany	female
anwara	female
basavarajeshwari	female
banoo	female
karre	female
zinia	female
asgari	female
raika	female
rupa	female
ahalya	female
nimrat	female
saroop	female
lalithasree	female
ashwiny	female
joe	female
gowri	female
nanda	female
hard	female
suhana	female
indira	female
mahamedhaa	female
disha	female
mahika	female
sumana	female
jayashree	female
mehuli	female
rameshwari	female
manul	female
ruprekha	female
paramita	female
madhvi	female
aamani	female
ravali	female
gurmeet	female
basabi	female
panchi	female
bhumika	female
nithya	female
gayatribala	female
vandita	female
rahi	female
pearl	female
saba	female
elina	female
rushmi	female
manjit	female
resham	female
roshni	female
ameera	female
swaroop	female
abhaya	female
aishwarya	female
kruthika	female
adoor	female
kishorimani	female
alisha	female
karisma	female
ira	female
sheila	female
nina	female
nabam	female
prakashi	female
ashlesha	female
mita	female
nargis	female
saudamini	female
kanchi	female
jija	female
smriti	female
aima	female
taskeen	female
aditi	female
krissann	female
khushbu	female
dhvani	female
lilavati	female
farah	female
daisy	female
saratkumari	female
parignya	female
nirmalamma	female
lata	female
abir	female
niki	female
tulika	female
jayanti	female
lisa	female
sharda	female
narmada	female
geetika	female
aishani	female
rashmika	female
pamposh	female
angel	female
pritilata	female
pernia	female
raadhika	female
sowjanya	female
upinder	female
ferdousi	female
katrina	female
joshna	female
debattama	female
kani	female
vaidehi	female
moturu	female
sailarani	female
mohana	female
thankamani	female
bhogeshwari	female
rokeya	female
sukumari	female
alisha	female
simran	female
priti	female
jesse	female
mehtab	female
rushyendramani	female
irom	female
bidushi	female
lillete	female
poorvi	female
mink	female
debina	female
pritam	female
susheela	female
badar	female
shamita	female
dölma	female
nitanshi	female
suman	female
musarrat	female
sarojini_sarangi	female
lolita	female
indu	female
ammu	female
nathalia	female
anandamanjari	female
shyamali	female
sujata	female
kommajosyula	female
kanchan	female
rebecca	female
tanvi	female
malati	female
nutan	female
suryakanta	female
azarmi	female
satya	female
moubani	female
jyotshna	female
paromita	female
jayasri	female
kalpakam	female
devika	female
sharifa	female
kirthi	female
khursheed	female
annupamaa	female
janki	female
rukhsana	female
cameron	female
gaelyn	female
amiya	female
mamilla	female
thamizhachi	female
sakshi	female
anukreethy	female
mumtaj	female
rajwinder	female
anne	female
nazneen	female
sharayu	female
matangini	female
jhazira	female
mouni	female
karuna	female
ajmeera	female
binodini	female
deepak	female
bobby	female
rajam	female
harleen	female
nagarajan	female
devita	female
mrinal	female
padmapriya	female
archana	female
prem	female
aneri	female
yumlembam	female
shireen	female
subbalakshmi	female
ileana	female
aarti	female
apara	female
bodda	female
gurdeep	female
charlie	female
seetha	female
jeelani	female
vineeta	female
riyanka	female
shoma	female
anju	female
manmohini	female
sravana	female
wamiqa	female
bishnu	female
rajeshwari	female
subhashni	female
giaa	female
sambhavana	female
roza	female
harveen	female
christine	female
jenny	female
trishna	female
rachel	female
madame	female
umarani	female
altaf	female
achint	female
yolande	female
pankaj	female
phoolbasan	female
vithika	female
sachu	female
raman	female
sujitha	female
pavala	female
toral	female
bibhu	female
kirron	female
sorokhaibam	female
koyal	female
solanki	female
anaitha	female
huma	female
mauli	female
manav	female
punita	female
maalavika	female
divya	female
swapna	female
farida	female
ramabai	female
ruthvika	female
hena	female
mehrunnisa	female
srutilakshmi	female
sahiti	female
hasna	female
tista	female
meena	female
bhagawati	female
gangabai	female
anwesha	female
nimita	female
saiyami	female
vimal	female
mrunalini	female
arpita	female
anita	female
shakthisree	female
karishma	female
rashi	female
anurupa	female
santhoshi	female
vaibhavi	female
harshada	female
abhinayashree	female
shomshuklla	female
nitya	female
preeti	female
saayoni	female
husna	female
tashi	female
frida	female
udhayathara	female
sreejita	female
rukmini	female
nicole	female
rani	female
sayantani	female
sundarwati	female
dhanashree	female
indiramma	female
manava	female
srirangam	female
yuvarani	female
rt	female
saleema	female
poorva	female
carol	female
achala	female
amoolya	female
krishnaveni	female
yukti	female
raasi	female
sadhvi	female
ansuya	female
nathiya	female
sumaira	female
farrah	female
kusumkumari	female
sharanya	female
vega	female
farha	female
nehalaxmi	female
loitongbam	female
gurbani	female
zalak	female
oviya	female
krutika	female
harpreet	female
tintu	female
firoza	female
betty	female
urmila	female
vaikom	female
mishti	female
basabdatta	female
pop	female
shyam	female
arifa	female
sangeetha	female
subhadra	female
lavina	female
abhidnya	female
spoorthi	female
dhira	female
anjana	female
vinod	female
eunice	female
twina	female
parbati	female
nikhila	female
poulomi	female
lhagyari	female
sanyukta	female
holloway	female
padmarani	female
mah	female
khandro	female
priyambada	female
swarnapriya	female
rittika	female
renee	female
madhur	female
ahaana	female
kritika	female
bhavana	female
suchita	female
lalithambika	female
nadig	female
maathu	female
chodagam	female
sarada	female
meera	female
kumudini	female
shubhavi	female
shobhana	female
shamata	female
mahathi	female
navneet	female
illindala	female
hemashree	female
viplove	female
mate	female
shalini	female
chandralekha	female
michel	female
utpala	female
janhvi	female
nasira	female
sajda	female
rafia	female
papiya	female
sitara	female
indumati	female
tejasswi	female
phulwa	female
anisha	female
saru	female
thara	female
mihika	female
hetal	female
prayaga	female
tessy	female
judy	female
zehra	female
gayathrie	female
amsavalli	female
beno	female
naushaba	female
subiksha	female
mogubai	female
prabhabati	female
vadivukkarasi	female
shanno	female
adah	female
chhabila	female
mercy	female
stessi	female
selina	female
sadhana	female
jyothi	female
swini	female
manjusha	female
manik	female
alice	female
hiba	female
vijayashanti	female
karthika	female
chandrima	female
koena	female
meher	female
mary	female
janani	female
hangmila	female
vekeana	female
aquila	female
beatrix	female
nurul	female
silverine	female
meeta	female
anushree	female
nartaki	female
chaitra	female
zara	female
vyjayanthimala	female
chitra	female
susmita	female
jyotirmoyee	female
sasikala	female
manda	female
kanchanmala	female
anuja	female
bhuvaneshwari	female
nannapaneni	female
anilda	female
zeenath	female
abburi	female
arubam	female
zita	female
nisha	female
neelkamal	female
nehal	female
sultan	female
aamna	female
anandamayi	female
shivshakti	female
kunika	female
shilo	female
abha	female
mankumari	female
snehalata	female
jigyasa	female
sherin	female
jafreen	female
pavani	female
madhushree	female
manvitha	female
parminder	female
ayushi	female
naseem	female
shailaja	female
chahatt	female
ahana	female
anjuman	female
jemimah	female
vanya	female
bidita	female
sasimani	female
mamata	female
prabhavati	female
macrenna	female
disco	female
mrudhula	female
nitu	female
mrinalini	female
prakriti	female
kadambini	female
sunitha	female
chandrawati	female
mangala	female
asawari	female
kshetrimayum	female
chavara	female
sonnalli	female
teejan	female
suguna	female
poorvisha	female
hina	female
anshula	female
sanjeeda	female
sagardeep	female
sauraseni	female
somdatta	female
kshama	female
teejay	female
athiya	female
kranti	female
ashima	female
banita	female
poongani	female
rajalakshmi	female
shreyasi	female
sushmita	female
pushpalata	female
rajendra	female
salony	female
sahodrabai	female
tarini	female
shobana	female
prabhat	female
zubeida	female
lissy	female
vipasha	female
sindhura	female
vasu	female
tula	female
miniya	female
lalloo	female
rinke	female
kondapalli	female
malethu	female
minoo	female
alaya	female
vidhya	female
thota	female
ruchira	female
diandra	female
poornitha	female
nanditha	female
soni	female
pankajavalli	female
kiranbala	female
shari	female
mabel	female
rattanbai	female
ved	female
padmavathy	female
angom	female
pankajini	female
dhansika	female
rutumbara	female
surilie	female
shashikala	female
shubhangi	female
samiksha	female
navnindra	female
rajita	female
chityala	female
korampath	female
veena	female
vaasanthi	female
nadhiya	female
pk	female
jasmeen	female
sumlata	female
shikha	female
genelia	female
norah	female
latika	female
thangjam	female
vimala	female
pariva	female
seratpal	female
arantxa	female
anasuyabai	female
sardar	female
chhanda	female
aalisha	female
euphrasia	female
jagmohan	female
rumeli	female
neetha	female
hansa	female
ra'ana	female
barbara	female
bridget	female
vimla	female
ganga	female
papili	female
ridhima	female
novera	female
rima	female
indubala	female
prasannamoyee	female
nirmla	female
sriyanka	female
swarnakumari	female
pam	female
pranutan	female
adruti	female
dhondutai	female
annamma	female
roohi	female
sharma	female
sarah	female
vijayalakshmy	female
fathema	female
sayantika	female
ulka	female
sahara	female
bijayalaxmi	female
prajnasundari	female
lotika	female
suriya	female
lalith	female
sakuntala	female
gouher	female
geetu	female
usharani	female
basanti	female
jessica	female
bt	female
kabita	female
eksheeba	female
shamma	female
shalmali	female
bhavadhaarini	female
digi	female
neelum	female
louisa	female
rimpa	female
sanitha	female
deeba	female
kiranjit	female
preetha	female
netra	female
manushi	female
bhanu	female
gongidi	female
lena	female
deeksha	female
nooshin	female
premlata	female
suhani	female
sita	female
bushra	female
aranya	female
anara	female
navina	female
jhillik	female
yesha	female
kanan	female
shradhanjali	female
neelam	female
nivedhithaa	female
radhika	female
nabha	female
virti	female
sheorajvati	female
zahida	female
saundarya	female
tamannaah	female
nirlep	female
shashank	female
attia	female
nibedita	female
ann	female
nadira	female
kimberly	female
swathi	female
kavya	female
sreelekha	female
ashapoorna	female
shubhada	female
elangbam	female
philomina	female
neeti	female
maneka	female
vasudha	female
dhyani	female
nakshatra	female
rakul	female
jhataleka	female
zarsanga	female
malabika	female
rasmanjari	female
romila	female
asmita	female
madhoo	female
jalaja	female
mubarak	female
babli	female
pradnya	female
suvra	female
li	female
binay	female
ravibala	female
vijayta	female
rubi	female
kamla	female
rupal	female
satarupa	female
monal	female
harini	female
snehangini	female
chirashree	female
handanahal	female
vartika	female
divyanka	female
ketki	female
nita	female
gomati	female
nyari	female
sanggai	female
akanksha	female
suzanne	female
tala	female
charmila	female
sumitra	female
geetanjali	female
noyonita	female
charu	female
sshakshi	female
zeel	female
leslie	female
shivangi	female
rajeswari	female
aakriti	female
rohena	female
birbaha	female
shweta	female
akhila	female
anandi	female
annadasundari	female
sreerupa	female
nandana	female
beesetti	female
ejya	female
kuyili	female
jayamalini	female
rozlyn	female
charubala	female
uzra	female
jhano	female
ronjini	female
meenakshi	female
sweta	female
zoya	female
rupanjana	female
aayat	female
rasika	female
ashwini	female
teesta	female
phul	female
rachita	female
miss	female
pavithra	female
satwant	female
raima	female
varshika	female
sejal	female
vani	female
sandhyarani	female
komarraju	female
suryakantam	female
durgabai	female
daksha	female
leishangthem	female
pearle	female
maina	female
suniti	female
aashu	female
noorjehan	female
anaida	female
mandakini	female
gomtee	female
violet	female
mamatha	female
wansuk	female
kamalika	female
sheela	female
angoorlata	female
anisa	female
telangana	female
himanshi	female
christabelle	female
savithri	female
mithan	female
ranjini	female
tarali	female
sinchana	female
tharika	female
devaanshi	female
meghna	female
godavari	female
esha	female
heena	female
raktima	female
sivasankari	female
lipipuspa	female
spruha	female
amika	female
yashomati	female
samira	female
pragya	female
anny	female
mofida	female
noorjahan	female
jyotimanjari	female
jennifer	female
ujjwala	female
rakhee	female
chhavi	female
vishnupriya	female
sanya	female
digangana	female
niyar	female
sulajja	female
virali	female
aroti	female
yeleshwarapu	female
salem	female
oliviat	female
ranya	female
ila	female
asees	female
malashri	female
sukhda	female
reshma	female
mandy	female
shravanthi	female
manya	female
upasana	female
rajalakshmy	female
isher	female
paloma	female
sharada	female
madirakshi	female
barkha	female
tridha	female
adhiti	female
dicky	female
sikki	female
afreen	female
ameesha	female
kapilakshi	female
manu	female
sunetra	female
sampada	female
madan	female
purnima	female
jaddanbai	female
tasnim	female
sudesh	female
kommuri	female
srividya	female
saraswati	female
apurva	female
anurita	female
nameirakpam	female
saloni	female
saranya	female
adita	female
juki	female
kalpanakumari	female
gowru	female
nora	female
swarda	female
reita	female
nayyar	female
bindu	female
rakshita	female
indumathi	female
jeena	female
bidipta	female
nirupa	female
shaurya	female
sreelakshmy	female
shirin	female
saraswathi	female
naina	female
sanjula	female
ambika	female
satabdi	female
nysa	female
fulla	female
asima	female
hosne	female
zari	female
jamila	female
maragatham	female
lalita	female
herabai	female
renubala	female
aasiya	female
basanta	female
anaika	female
mehreen	female
bilasini	female
neelamani	female
premalata	female
mina	female
waikhom	female
jaimala	female
sowcar	female
geetashree	female
amita	female
veenu	female
ela	female
zaheeda	female
sriranjani	female
navaneet	female
himashree	female
shamna	female
siddika	female
bonily	female
amrin	female
poile	female
ramsarni	female
aadnya	female
rehana	female
rattan	female
sathyabama	female
bina	female
kusumavati	female
saadhika	female
taru	female
madhurima	female
karredula	female
dilara	female
malavika	female
remediana	female
niradprabha	female
kangabam	female
simone	female
satyabati	female
honey	female
ranjana	female
bhoomika	female
jnanadanandini	female
prema	female
gomathy	female
raageshwari	female
rohini	female
annapurna	female
charul	female
sri	female
faye	female
kasturi	female
rachna	female
kusumom	female
apoorva	female
kamlabai	female
ashika	female
nayani	female
mohua	female
nistula	female
maymol	female
mamoni	female
nikita	female
riti	female
kashmira	female
punyalata	female
sravanthi	female
aneeta	female
lipsa	female
kalanidhi	female
minimata	female
sushmitha	female
kothapalli	female
nalini	female
asita	female
soonu	female
fatma	female
himaja	female
mahasweta	female
mridula	female
ruchi	female
pala	female
bibha	female
chunibala	female
nyra	female
akshara	female
venkatacher	female
oorvazi	female
barnita	female
yagna	female
udita	female
neeru	female
sugnya	female
bishnupriya	female
sonarika	female
shabnam	female
aeshra	female
katyayani	female
astrid	female
vandana	female
pia	female
poojashree	female
rakhi	female
lovlina	female
yogeeta	female
chunangat	female
gul	female
arshi	female
suryamani	female
karen	female
maitreyee	female
bhawana	female
lathika	female
kalyani	female
krishnammal	female
moushumi	female
angana	female
pratibha	female
rajesh	female
bharti	female
bhabini	female
masumeh	female
jwala	female
yogini	female
hannah	female
shyama	female
jaspinder	female
tarkeshwari	female
sanaa	female
maharani	female
punarnavi	female
shaista	female
gohar	female
nilza	female
jyotstra	female
sandhiya	female
pramila	female
madhuri	female
manisha	female
viji	female
shruti	female
bani	female
amala	female
pappa	female
subhashri	female
chami	female
karya	female
rinku	female
jothimani	female
sarjana	female
lilly	female
rina	female
navni	female
alamjeet	female
tumpa	female
hemlata	female
nikisha	female
sayali	female
brinda	female
poojitha	female
seeta	female
lorna	female
mandeep	female
methil	female
suryadevara	female
rakhshanda	female
natalya	female
simple	female
saira	female
jasmin	female
sayanora	female
sreelatha	female
loveleen	female
nidhhi	female
sathi	female
yengkhom	female
manasa	female
shillpi	female
mamina	female
latha	female
mariam	female
moirangthem	female
aparna	female
vanitha	female
moneeza	female
vellaswamy	female
paravai	female
seerat	female
ayonika	female
varsha	female
sumathi	female
zobaida	female
hiranmayee	female
chandabai	female
sanskruti	female
tamara	female
avnita	female
easdon	female
mitsu	female
afsana	female
anoushka	female
tisca	female
suhasini	female
phanjoubam	female
manimala	female
laxmirani	female
ramadevi	female
vasireddy	female
mandira	female
samskruthy	female
tejaswini	female
dayawati	female
moon	female
ihana	female
gyurme	female
tanushree	female
sukrutha	female
amandeep	female
milana	female
ansiba	female
aakanksha	female
deborah	female
vraddhi	female
heera	female
surveen	female
swarn	female
iris	female
chinmayi	female
madhabi	female
shenaz	female
sudha	female
zuboni	female
sunanda	female
neelakshi	female
purabi	female
muskaan	female
shirish	female
dhiruben	female
mithali	female
ampareen	female
lourembam	female
papri	female
gurumayum	female
lokajanani	female
ziyah	female
girija	female
sadha	female
mahbuba	female
shwetha	female
jhumpa	female
tarannum	female
catherine	female
vedavalli	female
ranjanben	female
aparnaa	female
jayaben	female
rubina	female
nitigya	female
neidonuo	female
saikhom	female
sarah-jane	female
surabhi	female
muktaben	female
nasreen	female
ginni	female
liksy	female
vimi	female
koneenica	female
chandra	female
mausam	female
amy	female
koel	female
qudsia	female
sussanne	female
manjurani	female
sairindri	female
thangam	female
jamie	female
varshini	female
sahana	female
jasjeet	female
hansika	female
gurmehar	female
nabila	female
tabassum	female
roshmitha	female
bem	female
dhivya	female
amalprava	female
umang	female
gungun	female
shiba	female
laxmi	female
ruhi	female
iona	female
ankitta	female
kailasho	female
sucheta	female
drashti	female
surinder	female
gangambike	female
aruna	female
anline	female
jayawantiben	female
kumud	female
wasna	female
susama	female
parineeti	female
kundanika	female
muppala	female
ohanna	female
sumukhi	female
gambhari	female
vanshika	female
munawwar	female
sparsh	female
vassundhara	female
yaragudipati	female
sarayu	female
lily	female
parul	female
mynavathi	female
oindrila	female
kvaralakshmi	female
purnamasi	female
suhasi	female
yami	female
mirabehn	female
chandrama	female
vaani	female
chandrani	female
vidyut	female
duvvuri	female
khushi	female
shagufta	female
eva	female
monami	female
parvathi	female
raiza	female
umashree	female
anukriti	female
akkamma	female
susan	female
surabala	female
mannara	female
rajasulochana	female
shalmalee	female
lopamudra	female
sanjana	female
pournima	female
muktha	female
gulfam	female
lajjabati	female
linthoi	female
dalima	female
manjula	female
shakunthala	female
nikki	female
qamar	female
kushboo	female
saravjit	female
sriti	female
kesarbai	female
chinki	female
anahita	female
amirbai	female
sunidhi	female
japinder	female
monisha	female
pallavi	female
chippy	female
runu	female
sanjivani	female
arati	female
vanisri	female
theilin	female
labanya	female
imelda	female
bhagyalakshmi	female
nirupama	female
pavitra	female
romena	female
prachee	female
pranali	female
hunar	female
candice	female
radhe	female
arathi	female
sreedevi	female
vinutha	female
magunta	female
satvasheela	female
khadija	female
kanaka	female
fearless	female
sindhuja	female
kova	female
isha	female
cherry	female
asiya	female
annapoorna	female
mansi	female
anaka	female
sufia	female
nilanjana	female
haripriya	female
kishwar	female
bharathi	female
shaili	female
ravula	male
ci	male
kakani	male
jawahar	male
vinoop	male
rabindra	male
benegal	male
inaganti	male
yuvraj	male
krishn	male
kedarnath	male
pr	male
premnath	male
susi	male
tarini	male
shivendra	male
najmul	male
nirupam	male
bhadreswar	male
anurag	male
trichur	male
zakiruddin	male
naranbhai	male
arpit	male
subroto	male
ron	male
otaram	male
cattamanchi	male
dar	male
arghya	male
vennelakanti	male
nellikode	male
suryaveer	male
nripen	male
pratik	male
param	male
shah	male
canisius	male
tatineni	male
gopalkrishna	male
ml	male
jarry	male
sarekoppa	male
sumal	male
billy	male
vidyadhar	male
rongbong	male
dhiraj	male
meesai	male
viswanathan	male
fazlul	male
prasanta	male
thawar	male
sant	male
guharam	male
moinuddin	male
cr	male
vishnu	male
jn	male
lawrie	male
youraj	male
srivatsa	male
ameer	male
padmalochan	male
samik	male
somjibhai	male
anubhav	male
inayat	male
nazar	male
sudhirkumar	male
samarendra	male
nilesh	male
sugeeth	male
guru	male
premjit	male
gerry	male
biswa	male
udaybhanu	male
lawrence	male
nanaji	male
felix	male
dileep	male
abraham	male
kailash	male
satyen	male
kuthiravattam	male
har	male
rambhau	male
shivanagowda	male
rajdev	male
khushal	male
et	male
amjad	male
shailesh	male
gracias	male
janardhanan	male
ramavtar	male
yarlagadda	male
haribhajan	male
rohan	male
neravanda	male
dattatraya	male
sandeep	male
madhavapeddi	male
janardhana	male
banwari	male
atar	male
musa	male
razak	male
ravikant	male
faqir	male
dharambir	male
kanhaiyalal	male
am	male
kelappan	male
shuvaprasanna	male
pyarelal	male
bn	male
anbumani	male
shib	male
kidambi	male
rajiv	male
sahibzada	male
arvind	male
eric	male
cho	male
boithang	male
vikrant	male
komarraju	male
sanjit	male
rathindranath	male
balijepalli	male
badri	male
kishan	male
inam-ur	male
ashmit	male
boddupalli	male
bobin	male
charitarth	male
bernard	male
allen	male
bhawani	male
bhaktaram	male
siddalingaiah	male
pratapaditya	male
ak	male
roedad	male
champi	male
akbarbhai	male
saiju	male
gn	male
babu	male
chandrasena	male
bd	male
vidvan	male
vijayaraji	male
prabhu	male
jitendra	male
phuljhuri	male
sannappa	male
salem	male
umakant	male
kuḷamaṇi	male
allah	male
lalhmangaihsanga	male
abdus	male
shantanu	male
vimcy	male
raghbir	male
tukojirao	male
fazle	male
anandji	male
sanjai	male
chilakamarti	male
balaji	male
rashmi	male
anandpal	male
vijai	male
kidar	male
godey	male
dheiraj	male
moonis	male
rustam	male
paika	male
fakir	male
basawon	male
leslie	male
shams	male
bansidhar	male
padmanabh	male
rahul	male
akash	male
manjunath	male
avnish	male
yuvaraj	male
abis	male
bruno	male
chiranjib	male
kushang	male
lineker	male
bhagwandas	male
abhijit	male
sapru	male
ac	male
ijaz	male
belur	male
bhaichung	male
beevan	male
simon	male
suthivelu	male
dp	male
navaskani	male
abhijeeth	male
madapati	male
bala	male
buddhadev	male
koduru	male
maqbool	male
bikram	male
arockia	male
ilaiyaraaja	male
srikar	male
ronnie	male
sulaiman	male
jugal	male
prathap	male
bhubananda	male
daljit	male
kavikondala	male
subramanian	male
rama	male
ra	male
sarve	male
pamulaparthi	male
dinendra	male
vk	male
lalramchullova	male
manjeet	male
raaj	male
hsprakash	male
lhagyari	male
khiladi	male
bojja	male
durlabha	male
mansoor	male
nurul	male
sharat	male
paravoor	male
eldhose	male
namagiripettai	male
naziruddin	male
channappa	male
saumya	male
chanchal	male
dhirendranath	male
kolla	male
raje	male
swarupam	male
sanchari	male
israr	male
padmanath	male
danish	male
sudheer	male
yunus	male
vikrampati	male
managovind	male
rajani	male
kedar	male
ranganayakulu	male
mitesh	male
joseph	male
bhisham	male
munsur	male
hasnat	male
manohar	male
shawkat	male
gudipati	male
navaneeth	male
pitam	male
rajkishore	male
parayil	male
rajdeep	male
sananda	male
chaudhary	male
sangili	male
balkavi	male
keshavasuta	male
swaran	male
katta	male
ga	male
adnan	male
bachi	male
bhupati	male
harji	male
akhlesh	male
krrish	male
manjot	male
sarul	male
manglesh	male
pabitra	male
rc	male
shrikisan	male
hassanally	male
jayachandran	male
balai	male
shahid	male
kaustubh	male
goreti	male
sreeprakash	male
lakshay	male
gopichand	male
khushboo	male
ladu	male
harshal	male
naiyyum	male
jagadeesh	male
admiral	male
devi	male
ishwarbhai	male
mohanlal	male
nazmul	male
sachchidanand	male
manuel	male
omar	male
yashvir	male
raoof	male
kamana	male
khan	male
hanif	male
vishwanathan	male
mor	male
munimanikyam	male
yatindra	male
shanta	male
gilbert	male
devudu	male
suryabhan	male
neyveli	male
suhail	male
nicholas	male
vijayant	male
uṇṇi,	male
ma	male
john	male
suprovat	male
bhumidhar	male
bashir	male
lakshmiswar	male
deepankuran	male
sukhram	male
jeeva	male
talwinder	male
chadayan	male
siyaram	male
shubham	male
thangboi	male
imtilemba	male
lakhshmi	male
madhurjya	male
jyotindra	male
taraprasad	male
dilip	male
kailashpat	male
iravatham	male
yuvanshree	male
rasik	male
nakli	male
biswarup	male
obaid	male
akshaye	male
suravaram	male
ajoy	male
pakhal	male
naoba	male
manomohan	male
prajwal	male
firaq	male
mauricio	male
dinesh	male
thummala	male
bakshish	male
surjya	male
swaroopanand	male
bal	male
kartik	male
maniyanpilla	male
hafeez	male
kobad	male
jivya	male
gope	male
burra	male
majid	male
pagadala	male
thirurangadi	male
atma	male
ashutosh	male
mangipudi	male
kalimuddin	male
kaushal	male
vedagiri	male
vinan	male
souvic	male
natesan	male
rohidas	male
achhar	male
perumbavoor	male
neil	male
suchindra	male
madhan	male
ks	male
sharafat	male
fazli	male
niru	male
gayathri	male
abhilash	male
kawal	male
sohraab	male
mulshankar	male
ravinder	male
dhan	male
thakkalapalli	male
renadive	male
chandrasekhara	male
mathur	male
yash	male
yastur-ul-haq	male
jagdesh	male
mathew	male
akhil	male
dushyant	male
harsh	male
ramjit	male
abimalek	male
bhuvaraghan	male
aarudhra	male
amarsinh	male
magunta	male
priyanath	male
shankar	male
dhruba	male
atulkrishna	male
jagdeep	male
emani	male
habeebur	male
naseer	male
anay	male
priyakant	male
rudra	male
kanth	male
sadhan	male
shashindra	male
jhina	male
shrikumar	male
daryl	male
kiren	male
tangi	male
suhas	male
kalpnath	male
saifudin	male
bhagwantrao	male
agniv	male
sanchaman	male
sainoj	male
santokh	male
debendra	male
rajú	male
pawan	male
mobarak	male
raphael	male
syam	male
basanta	male
lekh	male
brandon	male
atulprasad	male
prosanto	male
marto	male
santo	male
bangaru	male
uttambhai	male
shri	male
kambhampati	male
aswin	male
pius	male
mac	male
ranabir	male
muhammad	male
namvar	male
ramaswami	male
ochira	male
sunder	male
shamrao	male
ramashrey	male
sharwan	male
chand	male
somendra	male
balabhaskar	male
shatrugna	male
jyoti	male
zainul	male
stan	male
guddu	male
shahzad	male
jayram	male
ipsenthil	male
shammi	male
dinshaw	male
hashim	male
zohmingliana	male
hanumappa	male
ramachandran	male
gurucharan	male
vithal	male
bimal	male
suresh	male
saumitra	male
vamsi	male
jadunath	male
minon	male
debiprasanna	male
subas	male
motaher	male
jaswinder	male
aravind	male
badar	male
bhaskar	male
baselios	male
vadilal	male
ashraf	male
abul	male
hemchand	male
samuel	male
ramjee	male
baraguru	male
mullapudi	male
sujit	male
gurdas	male
paras	male
swaranjit	male
bharatsinh	male
rudresh	male
devendranath	male
hadait	male
sitaram	male
kameshwar	male
abhinandan	male
susmit	male
bansi	male
habib-ur-rehman	male
lakhan	male
nishan	male
agha	male
apoorv	male
kesavan	male
krishnabhaskar	male
sukhjeet	male
lalramhmunmawia	male
jo	male
tarun	male
indu	male
muzaffar	male
hamidi	male
tripuraneni	male
bola	male
harilal	male
rajaganapathy	male
pada	male
harmik	male
rabinarayan	male
anugrah	male
vallam	male
praveenprem	male
qaushiq	male
sairam	male
kanchinarayan	male
kartikey	male
brahmananda	male
balchandra	male
bhubanananda	male
sudipta	male
miangul	male
jassie	male
jayiram	male
tavvā	male
nabam	male
gordhandas	male
mathura	male
ambadi	male
neelam	male
shariful	male
attoor	male
ashwani	male
venu	male
farhat	male
bhaben	male
sitakanta	male
mambillikalathil	male
swaminatha	male
vimal	male
jawala	male
kt	male
jitu	male
sarvadaman	male
chandgi	male
yathin	male
agnelo	male
sarjarao	male
bjdivan	male
sohan	male
vikram	male
ganesh	male
angaraag	male
md	male
prince	male
lalrinchhana	male
aluri	male
badshah	male
rishit	male
anil	male
hemant	male
suri	male
krunal	male
pema	male
bhawanrao	male
benimadhab	male
minu	male
roshanlal	male
riyan	male
nitin	male
susil	male
bhai	male
jogeswar	male
biplab	male
herbert	male
clement	male
chitaman	male
allama	male
andrew	male
malemngamba	male
rochunga	male
besant	male
jishnu	male
suseenthiran	male
rajmohan	male
ahsan	male
noor	male
kasibhatta	male
debaki	male
tarani	male
arjit	male
mahanaryaman	male
gurinder	male
namit	male
dain	male
harjinder	male
shrichand	male
subhrajit	male
vjkurien	male
shray	male
lila	male
zubin	male
krishen	male
mangesh	male
harbir	male
telesphore	male
satyadev	male
yar	male
ramhlunchhunga	male
dakshinacharan	male
ashwajit	male
surai	male
po	male
bharathiraja	male
jogesh	male
kshitish	male
sukhadeo	male
tathagata	male
sohrab	male
ilyas	male
piloo	male
hakimullah	male
mehmood	male
lala	male
indradeep	male
gulam	male
nanubhai	male
aniruddh	male
manthena	male
manobala	male
bikas	male
riddhi	male
hasmukh	male
anmol	male
divyendu	male
jatindranath	male
ulhas	male
sidhant	male
bhalchandra	male
senthilnathan	male
savji	male
blasco	male
roop	male
prafullachandra	male
pervez	male
souren	male
sriman	male
prasenjit	male
jhaverchand	male
chinu	male
nutakki	male
gopalaswami	male
bavji	male
jomin	male
nizamat	male
shreedhar	male
nakash	male
philip	male
khalifa	male
maheswar	male
aly	male
madhukar	male
ramashreya	male
anupam	male
prodip	male
rlp	male
krish	male
rv	male
ranjit	male
muztar	male
nimmagadda	male
dilnawaz	male
sribatsa	male
shrikant	male
iswar	male
balakumaran	male
amarendranath	male
nathuram	male
nazimuddin	male
maulana	male
pravesh	male
kaushik	male
nawabzada	male
omkar	male
maviya	male
mshankar	male
ghous	male
dalit	male
palani	male
shardul	male
ajudhia	male
navin	male
punaram	male
enayet	male
ibrahim	male
pl	male
kunwar	male
jubair	male
raushan	male
abani	male
brajanath	male
mundur	male
azhikodan	male
bishan	male
saidai	male
someshwar	male
pringsang	male
miran	male
balvant	male
varkala	male
saidingliana	male
kayatyani	male
kush	male
afm	male
tarakeswar	male
pamudurthi	male
dost	male
rikin	male
amitabh	male
vedanth	male
srinivasan	male
dada	male
sundaram	male
shifa	male
samares	male
askar	male
syed	male
atm	male
rameshwar	male
richard	male
nayini	male
km	male
sivapatham	male
nemai	male
mr	male
swaminathan	male
nasim-ul-ghani	male
mehar	male
harshvardhan	male
wasbir	male
shreegopal	male
naseeruddin	male
afsar	male
jayakrushna	male
ayyankali	male
suranjoy	male
yanamala	male
bhanwar	male
ranjon	male
tikka	male
op	male
ms	male
khandavalli	male
ambrose	male
sayyid	male
yogesh	male
nrusingha	male
vijaya	male
gurchet	male
vasudeo	male
trailokyanath	male
jayanta	male
sumitranandan	male
dandapani	male
manikya	male
kanduri	male
naved	male
mangalapally	male
baban	male
naman	male
nitya	male
babubhai	male
ajayan	male
lavanam	male
akhtaruzzaman	male
shankarrao	male
safi	male
cha	male
narayanaswamy	male
niranjana	male
ridit	male
dasrath	male
rizwan	male
kavin	male
soundaraj	male
chaitanya	male
anilkumar	male
nagarjun	male
vettam	male
aata	male
kuldeep	male
suryakumar	male
robin	male
shishir	male
thampanoor	male
dhani	male
chakar	male
adurthi	male
jitesh	male
bolanthur	male
hemavathi	male
aravinda	male
karanam	male
nikhil	male
bharathan	male
jogen	male
shivmangal	male
priyanandanan	male
raghubir	male
chandulal	male
priyanshu	male
mozibur	male
balchander	male
parappurath	male
minad	male
parthiv	male
asoke	male
magadi	male
bishnupada	male
khamparia	male
dhaneswar	male
abhimann	male
aby	male
kelucharan	male
mahboob	male
premtosh	male
shadi	male
saurabh	male
zayn	male
jankidas	male
ghatam	male
archan	male
mallappa	male
ishu	male
chiragh	male
varadarajan	male
harold	male
rampal	male
vipin	male
ahwan	male
kiron	male
noon	male
mohd	male
hippolytus	male
vishwanathbuwa	male
debaprasad	male
apurv	male
bibhutibhusan	male
kinkar	male
jeyasingh	male
katikaneni	male
csathish	male
amberdeep	male
ramniklal	male
harmanpreet	male
gurcharan	male
vietnam	male
shantisagar	male
caesar	male
farhaan	male
joy	male
murthy	male
kirupanandha	male
mujaddid	male
jon	male
thoudam	male
gangadhara	male
khub	male
martin	male
ranadhir	male
tulsi	male
jan	male
yousaf	male
kadri	male
braja	male
jonty	male
somnath	male
tarachand	male
abinash	male
arabinda	male
nawazuddin	male
bhagirath	male
najm	male
la	male
taiyabur	male
dwiban	male
mani	male
umesh	male
chandrabhan	male
venkatesan	male
bhargav	male
vashist	male
janmeja	male
aalap	male
ishwar	male
thangso	male
bhimreddy	male
majhi	male
waryam	male
samir	male
mehr	male
jassi	male
thiruvenkatachari	male
mannargudi	male
kc	male
sulalit	male
bherulal	male
naẓīr	male
bhanujeet	male
zakir	male
sankalp	male
thongkhosiem	male
ashish	male
prabodh	male
salil	male
shridhar	male
azad	male
punathil	male
shyama	male
bikalananda	male
jnan	male
kaunain	male
dibakar	male
bibhudutta	male
ponjikara	male
rayudu	male
harpal	male
kulamani	male
veliyam	male
jaswant	male
ataur	male
shakeeb	male
sadruddin	male
shamim	male
wungngayam	male
beant	male
rajender	male
lalit	male
deepak	male
benojir	male
lalhruaizela	male
premangsu	male
kichennasamy	male
bhumendra	male
markand	male
cletus	male
raiphi	male
akilan	male
shamsul	male
charu	male
brojendra	male
sathya	male
bhupinder	male
karna	male
balwan	male
talat	male
jadavaji	male
baba	male
sumat	male
shekhar	male
rajarshi	male
shekh	male
bhanu	male
srikrishna	male
gurdeep	male
sidnal	male
christopher	male
gururao	male
satrughna	male
augustine	male
kashiling	male
nabakrushna	male
naushad	male
giri	male
cavin	male
jalam	male
parvin	male
mansukhbhai	male
nihar	male
chowdari	male
tripura	male
ghayyur	male
jabbar	male
dingko	male
manchershaw	male
dadaji	male
kusum	male
minaketan	male
pintu	male
juspreet	male
kanaiyalal	male
virender	male
prasad	male
bidyendu	male
nav	male
inanendra	male
bellary	male
veera	male
kosaraju	male
lucky	male
bahawal	male
fasihuddin	male
venigalla	male
roji	male
allu	male
chintamoni	male
wasuderao	male
nagore	male
nusli	male
prashant	male
aribam	male
chandraswami	male
dewang	male
vedam	male
sharan	male
uttam	male
taufiq	male
darryl	male
pandharinathacharya	male
vrindavan	male
habeeb	male
fakhar	male
sailendra	male
ramkrishna	male
cadambathur	male
wamanrao	male
harby	male
bhubaneswar	male
sreekumaran	male
babanrao	male
yamuna	male
lalu	male
surinder	male
chethan	male
gurusharan	male
fareed	male
biswapati	male
bhaskarabhatla	male
auqib	male
jagannathbuwa	male
hesham	male
akshaya	male
nirup	male
biren	male
gerald	male
kottarakkara	male
palden	male
gs	male
rizabawa	male
poornachandra	male
mahmud	male
nagineedu	male
ramanbhai	male
krushnaprasad	male
jaffer	male
kalindi	male
wali	male
priyank	male
mitan	male
jeassy	male
nikitin	male
sadhu	male
koteeswara	male
srimushnam	male
ashay	male
anumula	male
ernest	male
govindbhai	male
yasar	male
mariadas	male
shahadat	male
rangachari	male
yogendra	male
manish	male
iqbal	male
bengali	male
sheetla	male
amol	male
william	male
raghuvannan	male
holkhomang	male
lenin	male
maradona	male
anas	male
lv	male
sk	male
bhakta	male
sakkir	male
venkataraman	male
challa	male
sode	male
paloli	male
ranesh	male
gudavalli	male
abid	male
chunky	male
babloo	male
sachit	male
provat	male
thilak	male
dorab	male
kangoi	male
annadurai	male
savio	male
shadakshari	male
pt	male
palle	male
ranjin	male
sathyan	male
don	male
shihabuddin	male
nghlhav	male
alvito	male
vijayray	male
dharma	male
raymond	male
nrusingprasad	male
alpesh	male
lalruatthara	male
nalli	male
mohinder	male
sree	male
jaya	male
omraje	male
pingali	male
jaman	male
moreshwar	male
kishore	male
molvi	male
gajendra	male
mohammed	male
somdev	male
amara	male
edulji	male
saikat	male
lehmber	male
pratap	male
subbarao	male
sradhakar	male
dineshwar	male
lok	male
nagindas	male
rajagopalan	male
sirajul	male
pushpdan	male
damodar	male
raveendranath	male
nirodbaran	male
harvinder	male
jasjit	male
pandurang	male
manoolal	male
jeetendra	male
irshad	male
niren	male
ramdeo	male
abhay	male
kalyani	male
anirudh	male
raghuvendra	male
haridas	male
vasantrao	male
munawar	male
purshottam	male
pk	male
veer	male
girish	male
xavier	male
lutfal	male
ebrahim	male
nataraja	male
śīlā	male
manzur	male
spandan	male
sayantan	male
sankaradi	male
kumar	male
palwinder	male
clair	male
bhagey	male
sudhakar	male
jadu	male
akram	male
mc	male
suvir	male
suchendra	male
vindu	male
pravin	male
gerson	male
bsmadhava	male
pon	male
aaron	male
subir	male
kambampati	male
rambriksh	male
vaidhyanathaswamy	male
khoda	male
chunkath	male
tejaswin	male
momtazuddin	male
gadadhar	male
vishwash	male
tirath	male
subhranshu	male
digamber	male
lalji	male
hrishikesh	male
puranam	male
hemendra	male
chaman	male
audrish	male
ralph	male
chota	male
arjunan	male
beli	male
shrikanth	male
basharat	male
anish	male
rangalal	male
chettithody	male
shahzar	male
shahidul	male
unmesh	male
anhad	male
abilashvl	male
makarand	male
vavilikolanu	male
nasreddin	male
golak	male
anand	male
pulaksagar	male
anshu	male
pratul	male
khem	male
haradhan	male
debu	male
renji	male
shivaji	male
white	male
dhananjaya	male
meet	male
silvanos	male
shallum	male
alambadi	male
sunirmal	male
khandaker	male
sumeet	male
yoseph	male
narayan	male
sardar	male
mohan	male
nalin	male
adhi	male
sapam	male
amin	male
bhajan	male
lakshman	male
pendyal	male
birakishore	male
shirish	male
ramnath	male
khanindra	male
nellai	male
tajinderpal	male
paragi	male
josé	male
marlanki	male
lokanath	male
prasanth	male
dharmender	male
nanjangud	male
qazi	male
nandigam	male
sriwass	male
amal	male
basavaraj	male
krishan	male
rajkavi	male
sarang	male
kanailal	male
bunoo	male
chadalavada	male
sayeed	male
balka	male
dalvir	male
udumalai	male
angad	male
upendra	male
jayadev	male
shyamal	male
kirtidan	male
dattatreya	male
shakeel	male
gajananrao	male
sobeng	male
ramendra	male
sampath	male
farid	male
shadab	male
luis	male
ishfaq	male
vj	male
tenneti	male
ebenezer	male
anadi	male
malayappan	male
jupally	male
imtiaz	male
kanhya	male
ramananda	male
frank	male
harsha	male
govindjee	male
manavjit	male
kamal	male
piyush	male
oliver	male
balkrishan	male
mahipetsinhji	male
chintaman	male
shujauddin	male
naba	male
aamir	male
padmapani	male
mahendranath	male
janardan	male
udayan	male
uttamrao	male
sreeram	male
utpalendu	male
malayapuram	male
hamidur	male
fayyazuddin	male
jayakanthan	male
anoop	male
nepal	male
govindan	male
narayana	male
ramankutty	male
ayush	male
anam	male
ayya	male
sourendra	male
dharmendra	male
purma	male
mahadev	male
vanraj	male
milap	male
kulwant	male
shashank	male
zahoor	male
thalekunnil	male
dharan	male
trishneet	male
gian	male
paan	male
sidak	male
maitreesh	male
rash	male
badruddin	male
lazarus	male
nv	male
shrirang	male
smaran	male
bommireddy	male
parmeet	male
patamada	male
thulukhanam	male
bhabendra	male
chinna	male
sangamesh	male
ayan	male
kamaal	male
vivekanand	male
milton	male
madala	male
arthur	male
perdur	male
keshu	male
bhabagrahi	male
tallavajjhala	male
sachy	male
yogi	male
sundari	male
sudhendu	male
gregory	male
tirumala	male
monce	male
sabyasachi	male
deba	male
nilkanth	male
thotakura	male
mahaveer	male
mangala	male
trinath	male
man	male
rithvik	male
raajesh	male
ajaysinh	male
sanjoy	male
nambiyath	male
gemson	male
muneer	male
roger	male
javed	male
sashi	male
shantubhai	male
derrick	male
akhtarul	male
raghab	male
joachim	male
sir	male
chiranjeet	male
punnu	male
monirul	male
uday	male
gouramangi	male
hardev	male
nabeel	male
bharath	male
rajkumar	male
ottapalam	male
warundeep	male
meem	male
lokesh	male
iqbaljit	male
amarnath	male
oommen	male
dewan	male
mahabali	male
sheshrao	male
saswat	male
mahmood	male
fayyaz	male
obaidullah	male
khirod	male
noshirvan	male
stuart	male
nuthakki	male
udanta	male
rajiah	male
ashok	male
siraparapu	male
su	male
jahurul	male
lalchand	male
chirag	male
nagai	male
sivaramakrishna	male
shivlal	male
chilukuri	male
hiralal	male
prajnalok	male
mamnoon	male
jalandhar	male
chitturi	male
narsingh	male
raavi	male
jayaprakash	male
sukhen	male
ala	male
mohsin	male
babulal	male
thiruvarur	male
vignesh	male
kharaj	male
devdatta	male
satyabadi	male
anukul	male
achyuta	male
athar	male
vincent	male
robinson	male
nemailal	male
gurpreet	male
ramsevak	male
priyadarshi	male
birendra	male
vaitheeswaran	male
shivakant	male
shouryya	male
narasimhiah	male
nelliyode	male
gunasekhar	male
baldeep	male
shaukatullah	male
narender	male
pooran	male
balaram	male
rishi	male
asutosh	male
bhagvan	male
sehnaj	male
ramnarayan	male
tanguturi	male
laksh	male
rattan	male
dharani	male
jalagam	male
sidney	male
isidore	male
jual	male
sreekrishnapuram	male
dillip	male
santa	male
rewa	male
gazi	male
vishram	male
karu	male
raja	male
dwijendra	male
mayilsamy	male
prabodhankar	male
sabumon	male
kavya	male
giani	male
nschandra	male
shivam	male
siddhartha	male
amitosh	male
dattu	male
maharaj	male
dulal	male
atiqur	male
claude	male
hitesh	male
somen	male
gyanender	male
sangeet	male
lk	male
saransh	male
vijayakanth	male
sain	male
kotcherlakota	male
jai	male
pardeep	male
panchanan	male
raxlee	male
karan	male
santiuse	male
salvadore	male
samarjit	male
padma	male
vidyasagar	male
surjay	male
gyani	male
mafuja	male
bodhram	male
marcus	male
sunil	male
kurissery	male
lalmohan	male
gour	male
bishal	male
yuthan	male
khushi	male
gunanand	male
eqbal	male
sourabh	male
abbayya	male
kengal	male
hariharan	male
joydeep	male
mathai	male
thuravoor	male
bikash	male
anshuman	male
vallikannan	male
kausar	male
thomas	male
abr	male
aniruddha	male
shourabh	male
ganeshan	male
kishori	male
polly	male
topon	male
mizta	male
khizer	male
om	male
joshi	male
siddhesh	male
aet	male
antonio	male
partho	male
deorao	male
prakashdada	male
pritam	male
jyeshtharaj	male
baikunthanath	male
shyam	male
arunabha	male
prithveesh	male
oli	male
murtuja	male
matauddin	male
kb	male
buck	male
theodore	male
arimilli	male
khandu	male
mahendra	male
satyanarayan	male
jojo	male
aswini	male
kulada	male
venkatesh	male
addala	male
prahlad	male
sujoy	male
hk	male
pir	male
maxwell	male
kolur	male
nn	male
perugu	male
shailender	male
mangharam	male
karthikeyan	male
mookencheril	male
ayinoor	male
bidhu	male
pattukkottai	male
tarlochan	male
bikky	male
nabendu	male
faiyaz	male
siddhanth	male
mithun	male
ayyappa	male
ramarajan	male
kondru	male
kahnu	male
vp	male
smeep	male
gourahari	male
amjyot	male
paidikalva	male
tiger	male
mavila	male
subrata	male
bikramjit	male
habib	male
padmakar	male
sukesh	male
kireet	male
abhinav	male
savjibhai	male
bhogaraju	male
radha	male
thoppil	male
fakhruddin	male
cherukuri	male
mrityunjay	male
clifford	male
mustafa	male
sudesh	male
jaladi	male
vishwas	male
govindray	male
gyan	male
parvati	male
thiruvenkata	male
hakim	male
devaraj	male
parvinder	male
harihara	male
daya	male
mangal	male
thakur	male
tej	male
salamat	male
jogendra	male
suhair	male
nadikerianda	male
sochet	male
chatrapalsinhji	male
sajjan	male
azmeera	male
himmanshoo	male
damodaran	male
cyriac	male
hemanga	male
sanjiban	male
rasananda	male
leeladhar	male
pandu	male
suryamani	male
bhavish	male
pratesh	male
vijayan	male
murugesan	male
navalpakkam	male
ratanlal	male
daya-nand	male
mithinga	male
harsheel	male
ramchandra	male
himmat	male
khageswar	male
amitava	male
pallav	male
maraimalai	male
lionel	male
rehan	male
anantrao	male
gurupadappa	male
chandrashekara	male
pritish	male
mahipathi	male
sukshinder	male
akshat	male
aladi	male
kakkanadan	male
arikapalli	male
sankaran	male
ishrat	male
sebastian	male
gulab	male
surjit	male
algu	male
abhishek	male
mool	male
jagjit	male
ganapathi	male
ehsan	male
me	male
varavara	male
mahbubul	male
gordhanbhai	male
mathukumalli	male
shyamdev	male
vasudevan	male
puthussery	male
saniyasnain	male
parduman	male
vamona	male
teja	male
navroji	male
arbaaz	male
viqar	male
tsetan	male
innocent	male
mrinal	male
manda	male
royston	male
arun	male
ritwik	male
jackson	male
tanvir	male
sudheesh	male
nirod	male
samar	male
rk	male
subhasish	male
peevee	male
mujtaba	male
penumarti	male
sagar	male
jatu	male
vinay	male
akhilesh	male
kaikala	male
khwaja	male
anwarullah	male
fred	male
abdul	male
uttar	male
avtarjeet	male
liaqat	male
eravankara	male
bhrigu	male
lakshyadhar	male
zia	male
zulfiqar	male
asad	male
mihir	male
sonu	male
rangila	male
gulfam	male
moniruddin	male
guntupalli	male
rajpal	male
diptendu	male
sanchayan	male
parimal	male
daniel	male
kheta	male
harihar	male
adipudi	male
aadar	male
nauri	male
narendra	male
brijesh	male
pasam	male
amiya	male
dhruva	male
dhritikanta	male
cn	male
sajjad	male
ponkunnam	male
pottimuthyala	male
surojit	male
onir	male
bijoy	male
gukesh	male
potti	male
pattathuvila	male
kamran	male
garimella	male
konjengbam	male
tilakdhari	male
fazal-ur-rehman	male
bhalji	male
asrani	male
prabuddha	male
vajramuni	male
george	male
sameer	male
ruswa	male
shyamsundar	male
sobaran	male
satpal	male
antónio	male
jignesh	male
ganja	male
meduri	male
pramatha	male
hugh	male
tanwir	male
vishweshwaraiah	male
rajen	male
jose	male
max	male
kazim	male
ahmad	male
krishnaji	male
pratim	male
anoor	male
ardhendu	male
chandrakant	male
bharatendu	male
nawal	male
jas	male
poojari	male
bhupendrasinh	male
ramandeep	male
moinak	male
walter	male
vikramjeet	male
haripal	male
narasingha	male
pudhota	male
vaikunthbhai	male
mochiram	male
bhagath	male
rangaballabh	male
mustafizur	male
haribahu	male
adarsh	male
sreekumar	male
ajitsinh	male
tirong	male
mal	male
chandrashekhara	male
derek	male
krishanu	male
nagathihalli	male
shakti	male
bolla	male
chempakaraman	male
avtar	male
prabhjot	male
harimohan	male
kodandera	male
vighnesh	male
gulabrao	male
muthiah	male
allwyn	male
ejaz	male
javaid	male
rajendra	male
mankada	male
godfrey	male
ratna	male
bhamidipati	male
joshiy	male
alagappa	male
bhalchendra	male
tarapada	male
naseem	male
theetta	male
moeenuddin	male
kartikeya	male
udesingh	male
ahamed	male
jagdish	male
ubagaraswani	male
banarsi	male
probir	male
kamla	male
ahfazur	male
komal	male
dhruv	male
sachida	male
rex	male
vishweshwar	male
musafir	male
tiruppattur	male
krishnarao	male
akkiraju	male
meraj	male
tapasvi	male
gobinda	male
kavasji	male
bhalindra	male
jayan	male
mahavir	male
aju	male
dildar	male
utkarsh	male
srinivasacharya	male
alakesh	male
gurkirtan	male
sahodaran	male
shikaripura	male
kodali	male
dinabandhu	male
sourashish	male
rajneesh	male
bodapati	male
abhi	male
jiyalal	male
bimbadhar	male
dilwar	male
govind	male
rohith	male
gajraj	male
liladhar	male
hadibandhu	male
govardhanram	male
varinder	male
stephen	male
pundi	male
dimbeswar	male
soumitra	male
siga	male
likhith	male
jacken	male
diwakar	male
gabhaji	male
khora	male
ganeswar	male
murali	male
suniti	male
madhaba	male
pappanamkodu	male
haseeb	male
kumari	male
hrushikesh	male
kathadi	male
kaka	male
kattingeri	male
sewa	male
rokonicha	male
selku	male
jnanee	male
satyasundar	male
deepu	male
jagapati	male
nalini	male
abrar	male
arnab	male
amandeep	male
rajeswar	male
tarit	male
dipu	male
vaibhav	male
matilal	male
siddiq	male
debabrata	male
uddaraju	male
nagavally	male
sejo	male
subal	male
shoaib	male
shamshad	male
mandayani	male
sricharan	male
mansukh	male
sarathi	male
hamsalekha	male
amogh	male
thiruvengadam	male
mark	male
prerak	male
doraiswamy	male
janumpally	male
hem	male
hiranmoy	male
mairaj	male
sujan	male
ramlakhan	male
nilamani	male
vishnuprasad	male
vaduvur	male
mudit	male
bagun	male
alfred	male
tyeb	male
serajul	male
jayantilal	male
akul	male
kyrshan	male
hassan	male
hunsur	male
hiken	male
ashwini	male
inderjit	male
mylswamy	male
joshy	male
allidina	male
shahryar	male
jamna	male
pathani	male
bhagirathi	male
kishenji	male
saeed	male
saheb	male
anjaan	male
ramkumar	male
amaal	male
balbhadra	male
mairembam	male
sumesh	male
jnananjan	male
hari	male
rahim	male
khurshid	male
harisadhan	male
pankit	male
kamalakanta	male
shivanand	male
malayanil	male
sriram	male
bodhisattva	male
nanasaheb	male
snehasish	male
aldas	male
vempati	male
ghanshyambhai	male
kirit	male
konda	male
habibur	male
jagmander	male
paipra	male
kranti	male
amrit	male
nardeo	male
nigel	male
ek	male
sanjib	male
swadeshabhimani	male
animesh	male
bishamber	male
ainthu	male
satyaram	male
chandroth	male
premadasa	male
yatin	male
chhota	male
promode	male
parwinder	male
chandramauli	male
atanu	male
thanikachalam	male
parsee	male
umaprasad	male
prabhas	male
faizanuddin	male
dominic	male
bapi	male
diwesh	male
shilton	male
bharat	male
saket	male
farman	male
ravneet	male
krutibas	male
bela	male
appu	male
simi	male
lalram	male
cheteshwar	male
dantu	male
manikrao	male
sarat	male
rafiquddin	male
bishwanath	male
chandravadan	male
ajmal	male
bobby	male
jamnalal	male
samiullah	male
kanna	male
luke	male
aijaz	male
vijay	male
thilakan	male
rahman	male
kodi	male
harjit	male
manji	male
vyshakh	male
tarsem	male
iresh	male
sakharam	male
andy	male
alesh	male
mir	male
mathews	male
sadashiv	male
naradasu	male
acharya	male
rdgmusic	male
saminini	male
indramani	male
biraja	male
mayadhar	male
kisan	male
nityanand	male
probodh	male
kallappa	male
humane	male
gopaldas	male
sachchida	male
rahamatulla	male
bikramjeet	male
avasarala	male
pranabes	male
shaurya	male
tinu	male
just	male
raghuram	male
chaudhry	male
rajan	male
germanpreet	male
giridhar	male
bulusu	male
barun	male
vishnupant	male
sudhakarrao	male
diljit	male
chandrapal	male
chander	male
roll	male
sabas	male
kunja	male
benjamin	male
zothanmawia	male
aneesh	male
snehal	male
chintha	male
faruk	male
tanmay	male
yogendranath	male
vakkom	male
monajatuddin	male
bishun	male
waheed	male
bateshwar	male
phoolchand	male
narendralal	male
khaled	male
kadaru	male
patras	male
farokh	male
dipti	male
ezhil	male
athar-ali	male
satyananda	male
bhaswar	male
gokaraju	male
thiruthuraipoondi	male
jomon	male
sasthi	male
zamir	male
rangachar	male
ameen	male
devaki	male
chandala	male
kamaljeet	male
edmund	male
saurav	male
jaggi	male
jamshedji	male
kafiluddin	male
mehli	male
ravi	male
ravidas	male
wailad	male
patrick	male
akhtar	male
brajlal	male
ninad	male
pradeep	male
rohit	male
waman	male
laxmi	male
ardeshir	male
devendra	male
amar	male
sanand	male
unni	male
gorakh	male
vedham	male
ramakrishna	male
sg	male
mohnish	male
anisuzzaman	male
khalid	male
sunny	male
khadim	male
ananta	male
selay	male
bikramlal	male
zabi	male
ayanur	male
rabin	male
jinendra	male
dipankar	male
vinjamuri	male
jalal	male
motiram	male
vinil	male
prinz	male
satiyasen	male
bhavya	male
sajid	male
abbas	male
adoor	male
anis	male
prafulla	male
lakshminarayanan	male
sambhaji	male
tilak	male
puchalapalli	male
jadab	male
vadde	male
parthasarathi	male
kiran	male
ken	male
beni	male
ishant	male
nyapathi	male
mantra	male
listin	male
hazari	male
shivaramagouda	male
komatireddy	male
madhukeshwar	male
balantrapu	male
gobin	male
harish	male
rupesh	male
rajnath	male
temsuyanger	male
vinodbhai	male
dodda	male
govindrao	male
jagdev	male
partha	male
keshavrao	male
benudhar	male
chinni	male
brajesh	male
kishor	male
simranjit	male
gargi	male
tapen	male
gaurav	male
sheen	male
pinaki	male
thol	male
abhaya	male
kunaal	male
zaheer	male
nanji	male
venkateswara	male
qamaruzzaman	male
kabir	male
badal	male
raghavendra	male
chinnaswami	male
harcharan	male
louis	male
rajabhau	male
geet	male
baldev	male
dokka	male
justice	male
bruce	male
prolay	male
nareshchandra	male
sv	male
waseem	male
alidina	male
joravarsinh	male
khurshed	male
mithileshwar	male
imman	male
vishwambhar	male
viren	male
shaukat	male
appukutty	male
pransh	male
zameerud-din	male
pulkit	male
sebastianappan	male
ganpatsinh	male
mufti	male
bandaru	male
hira	male
anwar	male
meher	male
sattur	male
alok	male
manturam	male
samrat	male
nikica	male
hasan	male
ramanlal	male
rungsung	male
velavan	male
agrahar	male
nambi	male
panakkad	male
parsottambhai	male
sinoy	male
radhakant	male
ragubhir	male
firoz	male
aslam	male
arunlal	male
aroj	male
sakshi	male
sanjay	male
zohurul	male
nithin	male
kumud	male
ajjada	male
ponnuswami	male
peter	male
gurupada	male
nagasamy	male
nek	male
jibanananda	male
udhayanidhi	male
verpal	male
srinivasa	male
betha	male
venkatraman	male
sandy	male
shivkumar	male
jecin	male
burhan-ud-din	male
bapulal	male
viju	male
mahim	male
milan	male
devinder	male
anthonisamy	male
vayala	male
nirendranath	male
idavela	male
bholu	male
mangru	male
mamoon	male
bimol	male
shibu	male
harischandra	male
raju	male
paripoornanand	male
antony	male
nikhilananda	male
pushpendra	male
sanatan	male
pranlal	male
maruti	male
nakul	male
rudraprasad	male
sanjiv	male
rangeya	male
kathir	male
virsa	male
johnson	male
muhammed	male
chandeshwar	male
ferdinand	male
viraj	male
bheem	male
phani	male
karn	male
samit	male
gurjant	male
aloysius	male
gunjan	male
deven	male
nikku	male
chandicharan	male
alexander	male
manilai	male
amalendu	male
danny	male
parasram	male
dasaradhi	male
jerry	male
virendra	male
alapati	male
rameshraj	male
rahmatullah	male
simerjit	male
sameem	male
harvik	male
sumedh	male
parakat	male
kishen	male
bhagban	male
thirugnan	male
soumen	male
manilal	male
molna	male
mufasir-ul-haq	male
johnthvhk	male
ahmed	male
sarvesh	male
govin	male
prajaram	male
ignatius	male
bipin	male
kovoor	male
vidya	male